name,X,Y
image3_3,932.77,982.0
image5_6,986.28,900.36
image4_16,966.08,937.4
image1_16,1002.61,958.31
image4_15,970.06,945.78
image2_13,964.45,897.68
image1_8,983.47,965.23
image5_15,994.53,914.65
image4_13,969.28,942.96
image3_8,932.91,995.02
image3_15,906.99,1001.88
image2_6,967.23,891.71
image4_2,971.11,956.43
image2_10,964.69,899.16
image4_18,971.12,937.6
